v_call_VDJ_main,j_call_VDJ_main,junction_aa_VDJ
IGHV3-43,IGHJ3,CTKRQKDRSGEGAFDIW
IGHV3-23,IGHJ6,CAKSIKDRFSEWRFGLDAW
IGHV4-34,IGHJ4,CARESRVRSRDAYNSRW
IGHV3-7,IGHJ4,CARSGQWLVPQSFDYW
IGHV3-23,IGHJ6,CAKERGSLWSYYYAMDAW
IGHV4-39,IGHJ4,CRAGFAYCSGGSCYSWGVDYW
IGHV1-46,IGHJ6,CAREGYDFWNGNYYYSYGMDVW
IGHV3-23,IGHJ4,CAKTGNNHYDSSGYYGFVSFDYW
IGHV3-23,IGHJ4,CAKQSPPAQEPWYWFDYW
IGHV3-33,IGHJ5,CARDVRYCTGGACSTNYFDPW
IGHV4-59,IGHJ5,CARGGGPNYNFLSGTYSGVWFDAW
IGHV1-69-2,IGHJ2,CAKAGGNSHWYFELW
IGHV3-11,IGHJ6,CARDGVGASDYGLDVW
IGHV3-33,IGHJ4,CAREGLYDFSGPFSGYFDYW
IGHV3-49,IGHJ4,CTRDIYDSKGSYFEYW
IGHV3-11,IGHJ6,CARGAGHSWNYGRDYFYALDVW
IGHV3-7,IGHJ4,CASAQWGGPFWDW
IGHV3-33,IGHJ6,CARDRYCSGTSCPKSYYYYYGMDVW
IGHV4-4,IGHJ4,CAREGGAKWEIPRPHFEFW
IGHV4-39,IGHJ3,CARQLRVGLGQGAFDVW
IGHV3-43,IGHJ5,CARHWRGGVDSW
IGHV3-23,IGHJ3,CAKDFLDDAFDIW
IGHV3-23,IGHJ4,CAKGGIRSAHFIDYW
IGHV4-4,IGHJ4,CARDSPSESPIYGGHSRW
IGHV4-34,IGHJ6,CARQYDIWSGYQYGMDVW
IGHV3-48,IGHJ5,CAREGDCRSTSCNIDGNWFDPW
IGHV1-2,IGHJ4,CARRGFTVFGVPIW
IGHV3-33,IGHJ2,CARDKKWAAAGTIYSYLYFDLW
IGHV3-30,IGHJ6,CAKERSETTDSYFYYYYSYGLDVW
IGHV1-18,IGHJ6,CARMIEGGYGGHYYYGMDVW
IGHV1-45,IGHJ3,CVRSPLTGTPREVFDVW
IGHV2-5,IGHJ4,CAHTMQFYAVAGEGFDYW
IGHV3-7,IGHJ6,CASYFSNWYNYGMDVW
IGHV2-26,IGHJ3,CARDRGGYKFDPFDVW
IGHV4-61,IGHJ5,CARGDSSGYSSGWFDPW
IGHV4-59,IGHJ4,CAREYSSFDYW
IGHV4-61,IGHJ4,CARVGALCFDYW
IGHV3-7,IGHJ4,CARDPVTSDW
IGHV3-23,IGHJ4,CVKEVTIFGVVMFDYW
IGHV2-26,IGHJ5,CARIGGFSSTWYDFW
IGHV5-51,IGHJ4,CARHKGGVYNTADYW
IGHV3-21,IGHJ6,CVRDQDKKSAVHMDVW
IGHV4-61,IGHJ4,CARAHSYYQDSSGYATHFDYW
IGHV3-33,IGHJ4,CARAGHNYYESSGYHPDFDFW
IGHV3-33,IGHJ4,CARDTSVDASAYTTLLTGYPVNQW
IGHV1-18,IGHJ4,CARDTTVKDPWSSQYSDRSLDVW
IGHV3-21,IGHJ6,CARALLGYCSSASCHLVGGLDVW
IGHV4-31,IGHJ5,CAREDFDLWTTSRNWFDPW
IGHV3-23,IGHJ6,CAKMGPNYDFWIDVW
IGHV4-61,IGHJ6,CARGSFVVMTAGPSTTHYYDHGMDVW
IGHV1-2,IGHJ6,CVRGHASPRVHLWGTHFGYYHAMDVW
IGHV1-69-2,IGHJ6,CAREGPHITGSYYYYAMDVW
IGHV4-61,IGHJ3,CARPSPSVPTGFAFETW
IGHV3-23,IGHJ4,CAKDVQSTNWNVGDYQW
IGHV5-51,IGHJ6,CARLAYGAASKGVDVW
IGHV3-43,IGHJ6,CAKAHLAVAGFSYYYYGMDVW
IGHV4-31,IGHJ4,CARARPHPYYDFWSGYYPASVGFDYW
IGHV3-48,IGHJ6,CAYQGVVISTMGGDGVDVW
IGHV4-59,IGHJ6,CARARVGRVQGPIIGGDFIMDVW
IGHV3-23,IGHJ4,CAKGANWGSGWINYFDYW
IGHV3-23,IGHJ6,CAKASTGYSIYYYGMDVW
IGHV3-48,IGHJ5,CTAGKDWFDPW
IGHV3-15,IGHJ4,CVTDIYDF
IGHV3-33,IGHJ4,CVRDNGAAARTFDYW
IGHV4-31,IGHJ6,CARDGGGNNVGDDLYYGMDVW
IGHV1-18,IGHJ4,CARDGGHIAVGGHFDFW
IGHV3-33,IGHJ5,CVRDNWNDLTLFDYW
IGHV2-5,IGHJ4,CGHRVVGAGGWGVGVFDYW
IGHV3-23,IGHJ3,CAKAGSSSYPEAFDIW
IGHV3-48,IGHJ4,CARDRSVGATWLYHLDSW
IGHV3-53,IGHJ4,CARGPIVGVTGDHW
IGHV3-66,IGHJ6,CATVSWDKDVW
IGHV3-23,IGHJ3,CAKDPNGDYVGAFDMW
IGHV1-24,IGHJ6,CATRDTVGVTELRTQHLYYGLDVW
IGHV3-48,IGHJ3,CARDRWTSGWYPGSLDIW
IGHV1-69,IGHJ6,CASDLAVVVVNTHYYYGMDVW
IGHV4-61,IGHJ4,CAREGGHKYGFGYW
IGHV3-23,IGHJ3,CARDRSFPRGTFDVW
IGHV4-34,IGHJ2,CARADSLYSNSFYGRSWFFDVW
IGHV3-74,IGHJ4,CVREGNWNLDQW
IGHV1-2,IGHJ6,CARKWGSDSWSDDDYAYFHGMDVW
IGHV1-18,IGHJ4,CARDQRSIVGGMYYYW
IGHV3-21,IGHJ3,CARLAGEMAPITNGAFDIW
IGHV1-69,IGHJ6,CARGGCSSTSCFSLYHYYYAMDVW
IGHV4-34,IGHJ4,CARGQFHSGWFFEYW
IGHV3-23,IGHJ6,CAGERLYYYYYALDVW
IGHV6-1,IGHJ4,CARNPYKKDGQSTGWFDFW
IGHV1-46,IGHJ4,CARGNYFDRTYYFDYW
IGHV2-5,IGHJ3,CAHRVGGHDSNWNGAAFDVW
IGHV6-1,IGHJ4,CARDGPLYASTFDYW
IGHV1-69-2,IGHJ4,CATPPEETHILTDYLFLASW
IGHV4-61,IGHJ4,CARGRDAYKLGYW
IGHV3-30,IGHJ4,CAKDHEEVPDVVGVVEVIGPYYCDYW
IGHV4-61,IGHJ6,CARGRWGSGTYNFVW
IGHV4-39,IGHJ4,CTKYQDGTTFDSW
IGHV3-23,IGHJ4,CVKDRPNYYDSSGTKGCFDYW
IGHV3-23,IGHJ5,CARGNSDSCYAGLDSW
IGHV1-18,IGHJ2,CARDRRYYDSSGYYERSRHFALW
IGHV4-61,IGHJ4,CARILGGCRGGFCYSRLDYW
IGHV3-23,IGHJ6,CVMNRGHVW
IGHV3-23,IGHJ6,CAKEEATDCDTTTCSLDGMDVW
IGHV3-23,IGHJ1,CVKEQYYYDSYGHFQANGYFQHW
IGHV1-18,IGHJ4,CALSYYYDSSGSAPYYFDYW
IGHV3-49,IGHJ4,CTRWRHGGSSKRDYW
IGHV4-31,IGHJ3,CAREASLTDRTFDIW
IGHV4-4,IGHJ4,CARAGAGSSPDKPIDSW
IGHV3-30,IGHJ4,CAKGGEYSGSEYPDLIDYW
IGHV1-3,IGHJ1,CARGAVYSSSWYGYFQYW
IGHV2-26,IGHJ4,CARTIRQYYDFSTGYTRTYHFDSW
IGHV3-23,IGHJ4,CAKDVNYDILAGYYRFDHW
IGHV3-23,IGHJ4,CAKDRGPFRENYYLHDW
IGHV2-5,IGHJ5,CARRRFWENSGYDWFDPW
IGHV3-33,IGHJ3,CVKEGRDSSLEVW
IGHV3-23,IGHJ3,CAKWSAGDWYADAFDVW
IGHV1-69,IGHJ4,CARDRIYCNGTTCSTGHYW
IGHV3-23,IGHJ5,CAKGTDRYCLEYTCYPFDHW
IGHV3-11,IGHJ4,CATFLAGFYTSGTPSYW
IGHV4-61,IGHJ6,CARDLHHPYYGSGSNGLDVW
IGHV1-3,IGHJ4,CARNDGYCVSSSCYWIYW
IGHV1-3,IGHJ4,CARSEQITVFGVAPYTFFDYW
IGHV7-81,IGHJ6,CAREGVEGEDYASETDYSYGLDVW
IGHV1-2,IGHJ3,CARGVGPTNPTDSFDIW
IGHV3-33,IGHJ6,CARDSSACSSRSCFKGLDVW
IGHV3-23,IGHJ3,CVKDSARWDSSGLYDSFDIW
IGHV3-21,IGHJ3,CARAMDYGDYGRAFDIW
IGHV4-61,IGHJ4,CAREKGDLWAGFSTW
IGHV3-43,IGHJ4,CARDTGEALGYFDWLSSGPFDNW
IGHV2-70,IGHJ4,CARIRPEHYYQSSGYCQTSDYW
IGHV4-31,IGHJ4,CARVWGNFRSFFDSW
IGHV3-74,IGHJ4,CARDLSGSADLW
IGHV3-7,IGHJ4,CARGWANTFDYW
IGHV3-23,IGHJ4,CAKDWTITIFGVITAG
IGHV1-18,IGHJ3,CARRASFDDSRFFHIW
IGHV4-39,IGHJ5,CARLHSTVTVFGLEMISLGRGWIDTW
IGHV7-81,IGHJ4,CARDLWSLEVAGYSSLDFW
IGHV1-69,IGHJ6,CARAPIVVVTSGPSVRSFYYYTAVDVW
IGHV1-24,IGHJ4,CATGSVPFEILGAIIHRPHRFDYW
IGHV4-59,IGHJ4,CARFSPISDHFDYW
IGHV3-23,IGHJ5,CAETYTLGSW
IGHV1-3,IGHJ2,CARARAGADWGADYWYFDLW
IGHV3-49,IGHJ4,CTRGSGRYEYW
IGHV3-11,IGHJ3,CARDGGVEMTTINAFDLW
IGHV1-18,IGHJ6,CASTGGHGPGLTSKYTGMDVW
IGHV3-23,IGHJ4,CAKAERGGEWYCSGVGCTLDSW
IGHV1-18,IGHJ6,CARDWLPARVRYYYYYGMDVW
IGHV3-43,IGHJ6,CAKGLRAHYSGYDYFYYGMDAW
IGHV3-48,IGHJ6,CARQRLGMVQGVIDLYYYGMDVW
IGHV1-2,IGHJ4,CARGADYGDYDYW
IGHV5-51,IGHJ2,CARRSSSVWYYWHFDLW
IGHV3-23,IGHJ5,CAKNSGIYSW
IGHV3-15,IGHJ4,CTDNFHYGSWRSGVS
IGHV2-70,IGHJ4,CARIGYYYGSSDYVSKVFDYW
IGHV3-11,IGHJ4,CANTDSRPLSVYSGHPLEDYW
IGHV3-66,IGHJ6,CARATNYFVSGTWHTHFHYGLDVW
IGHV3-33,IGHJ4,CARGDGGGSWRIDYW
IGHV3-30,IGHJ3,CAKIHLVGATTRGAFDIW
IGHV3-11,IGHJ5,CARSSVAARPLDSW
IGHV3-30,IGHJ4,CAKDWAGGDSNYVYIVNW
IGHV4-31,IGHJ6,CARMYCGGDCYRSFFYYYAMDVW
IGHV3-11,IGHJ4,CAREHTHGWYPNVYW
IGHV1-3,IGHJ5,CARRGLSLRAERSTGYDFISWFDPW
IGHV2-70,IGHJ6,CVRDQLSGYYTYSYYGMDVW
IGHV3-48,IGHJ5,CARGQCSDAGCRSGRWFDPW
IGHV4-39,IGHJ6,CARHYCSGGSCYYYGMDVW
IGHV3-48,IGHJ4,CARDRPNLWGSYRGHDSW
IGHV3-23,IGHJ5,CAKAAWQGTGRWFDPW
IGHV3-7,IGHJ4,CVSESTRNEEGHW
IGHV3-7,IGHJ6,CVRGRFFSYVMDVW
IGHV3-7,IGHJ4,CAKEERW
IGHV3-23,IGHJ4,CARETRLHSDYW
IGHV1-3,IGHJ6,CATEGNSGSWSEEKKVYQGMDVW
IGHV4-59,IGHJ4,CARVGIPPTKRQWGHLDYW
IGHV5-51,IGHJ3,CARRTFIDDTFDIW
IGHV2-5,IGHJ4,CGHRVIGAGGWGVGVFDYW
IGHV3-30,IGHJ4,CAKDVGLSVAGRFFDSW
IGHV3-49,IGHJ4,CSRAPPAYDFGSGYYAKRPTYFFDYW
IGHV7-81,IGHJ5,CAREFSTNWYSTWLDPW
IGHV3-23,IGHJ4,CAKDGGGFNDYWGGGFRESQYLDDW
IGHV4-34,IGHJ3,CARGPYYDFWSGYRGRSKDNSFDLW
IGHV3-13,IGHJ4,CVRGGGFCSGDPCLTWPFDCW
IGHV3-15,IGHJ4,CFEGLVPR
IGHV4-4,IGHJ4,CARAHLFNLVVLPPSPFFDSW
IGHV4-4,IGHJ6,CATHSPYYYALDVW
IGHV4-34,IGHJ4,CARGSEPWPLMRNFDYW
IGHV1-46,IGHJ5,CATISDSGFPW
IGHV1-2,IGHJ4,CARVGITFDGFFPIYFLDYW
IGHV2-5,IGHJ4,CARSSESGFNYIDFDSW
IGHV1-24,IGHJ3,CVAASRHDVLDVW
IGHV6-1,IGHJ4,CAREGTKWGFDSW
IGHV3-43,IGHJ4,CVKQSCGGDCYSPVFENW
IGHV3-43,IGHJ4,CAKDWGRFVMQVAIGYLDSW
IGHV4-39,IGHJ5,CARRIFFENFDSSALTAGFDTW
IGHV3-20,IGHJ4,CVRDVRSDLPHYLW
IGHV3-35,IGHJ4,CVRDVSFDYW
IGHV3-49,IGHJ6,CTRDGCSSTSCYEGYYGMDVW
IGHV3-74,IGHJ4,CAGELGGSRGYW
IGHV3-72,IGHJ3,CVRDESGSGDFW
IGHV3-15,IGHJ4,CAQLYDYDSSGSDYW
IGHV3-43,IGHJ4,CVKDKTPLQFLDWGRGYYFDYW
IGHV3-48,IGHJ4,CARVSGVHTPNDYADYW
IGHV1-2,IGHJ4,CARGRVGELLGDTW
IGHV3-33,IGHJ6,CARDQGYSTPDWWYGMDLW
IGHV3-49,IGHJ4,CTRRRRSGITTAAYHFDSW
IGHV4-59,IGHJ4,CAREGYGGYSVDYW
IGHV1-24,IGHJ4,CATARNGWIFDQW
IGHV3-23,IGHJ4,CARDNYYASGSYFDYW
IGHV1-69-2,IGHJ4,CAVAYSYGFILHW
IGHV7-81,IGHJ4,CARGFSSFDHVWKTYLPLYYLDNW
IGHV4-31,IGHJ5,CARDPFGGRWFDPW
IGHV4-4,IGHJ6,CASRDYGDSVYYYYYAMDVW
IGHV3-21,IGHJ4,CASGNVLDYW
IGHV1-69,IGHJ5,CARGGFWSGHYRSQNSWFDPW
IGHV3-7,IGHJ5,CATRGVFGVVPYWFDPW
IGHV4-59,IGHJ3,CARRMRVFGPAIMDVFDVW
IGHV1-18,IGHJ3,CARGGYDSSGYSHAFDVW
IGHV5-51,IGHJ3,CARRENFSDFWSGSGDAPDIW
IGHV1-69,IGHJ5,CARRSRGMPATGTPYNWFDPW
IGHV3-33,IGHJ3,CARVNGHYGDFQGYAFDIW
IGHV4-4,IGHJ4,CAKLPKHYLGRGALW
IGHV3-33,IGHJ3,CARVNAPYGDYQGYAFEMW
IGHV3-21,IGHJ4,CATGGTLDYW
IGHV1-18,IGHJ3,CARTELRRIPLFGDVIIRPHFLDSW
IGHV4-34,IGHJ6,CARGRGVFYGSGSYYQAFYYYGMDVW
IGHV4-34,IGHJ6,CARGRGVFYGSGSKYQAHYYYGMDVW
IGHV3-21,IGHJ5,CARGGRRYVADYNWFDPW
IGHV3-23,IGHJ5,CVAGIGSW
IGHV3-33,IGHJ4,CARDRNGDSPDHW
IGHV4-59,IGHJ5,CAGMVGYFDLSTGFEGWFDPW
IGHV1-18,IGHJ3,CTRGGLDSSGYSGAFDVW
IGHV1-3,IGHJ6,CARFRPPGISIFASYYYGMDVW
IGHV4-34,IGHJ6,CARGRGVFYGSGSYYQAFYYTGMDVW
IGHV3-33,IGHJ4,CARVYCSSLAGCYKGENYFDNW
IGHV4-59,IGHJ4,CARGWFGQFETW
IGHV1-69-2,IGHJ4,CARNFYDTTVPYYFDYW
IGHV4-4,IGHJ4,CAKLPKHYMGSGGRW
IGHV1-46,IGHJ6,CARDLVVTDIHHYHGMDVW
IGHV1-18,IGHJ6,CVRDLGYCSRDSCYFYNGMDVW
IGHV1-18,IGHJ4,CARDFFGSGSLYFFDNW
IGHV3-7,IGHJ4,CARGRQWPLLSLS
IGHV1-2,IGHJ4,CARDATPFGVRFLEWLSDYYFDYW
IGHV5-51,IGHJ3,CASLGEGFDAFDIW
IGHV4-4,IGHJ4,CARLPKHYMARGGRW
IGHV5-51,IGHJ3,CARRETFSDFWSGSGDAPDIW
IGHV3-33,IGHJ4,CVRVINWGKYFDLW
IGHV3-33,IGHJ3,CARVNAPYGDYQGYAFEIW
IGHV4-34,IGHJ4,CARGIGLRWYPFDYW
IGHV4-4,IGHJ4,CAKLPKHYLGRGTFW
IGHV4-4,IGHJ4,CARLPKHYLARGGRW
IGHV3-23,IGHJ4,CAKDLGGRESIRVGRYFDYW
IGHV3-30,IGHJ5,CARDLWDGAVSSIGWFDPW
IGHV2-5,IGHJ5,CAHRTSYNGNWNGGSFGPW
IGHV4-34,IGHJ5,CARRGNFLLYSYKPTNWFDPW
IGHV3-30,IGHJ4,CAKEKRAAGDFDSW
IGHV2-70,IGHJ4,CARTVLRNCFDYW
IGHV3-21,IGHJ6,CTSPYYDYVWGSRRFHGVDVW
IGHV4-31,IGHJ5,CARQKAVGITLFGEVIKRPGWFDPW
IGHV3-21,IGHJ4,CTSGRTFDYW
IGHV4-4,IGHJ6,CVRWEVFYYYGMDVW
IGHV3-33,IGHJ3,CARVNAPYGDYQGYAFELW
IGHV4-4,IGHJ6,CARDVSYRIGRMDVW
IGHV3-21,IGHJ4,CTTGGTFDYW
IGHV3-33,IGHJ4,CARGGRRGYSAYDGGDYW
IGHV4-59,IGHJ2,CARERGYCNGGICPRIGYFDLW
IGHV3-33,IGHJ4,CARERAAVGDYW
