"antigen","ref_strain","ref_source","ref_data","ref_name","ref_epitope","ref_org","ref_heavyV","ref_heavyJ","ref_heavyCDR3","ref_lightV","ref_lightJ","ref_lightCDR3"
"Vaccinia","Vaccinia","Chappert_2022","Chappert_2022","HD72_P9_S11_P6-1_B5","B5","human","IGHV3-11","IGHJ3","GCGAGAACTCCGTCGGCTTTTGATATA",NA,NA,NA
"Vaccinia","Vaccinia","Chappert_2022","Chappert_2022","HD72_P4bis_S2_P6-2_C12","B5","human","IGHV3-11","IGHJ3","GCGCGAGCTCCGTCGGCTTTTGACATC",NA,NA,NA
"Vaccinia","Vaccinia","Chappert_2022","Chappert_2022","HD72_P5_S7_P6-1_E5","B5","human","IGHV3-11","IGHJ3","GCGAGAACTCCGTCGGCTTTTGATGTA",NA,NA,NA
"Vaccinia","Vaccinia","Chappert_2022","Chappert_2022","HD72_P9_S11_P6-1_A5","B5","human","IGHV3-11","IGHJ4","GCGAGGGCCCCGTCGGGCCTCGACTAC",NA,NA,NA
"Vaccinia","Vaccinia","Chappert_2022","Chappert_2022","HD72_P4_S2_P6-2_A2","B5","human","IGHV3-11","IGHJ4","GCGAGGGCCCCGTCGGGCCTTGACTAC",NA,NA,NA
"Vaccinia","Vaccinia","Chappert_2022","Chappert_2022","HD72_P9_S11_P6-1_A6","B5","human","IGHV3-11","IGHJ6","GCCCGATCCCCGTCCGGGATGGACGTC",NA,NA,NA
"Vaccinia","Vaccinia","Chappert_2022","Chappert_2022","HD72_P5_S7_P6-1_A5","B5","human","IGHV3-11","IGHJ6","GCCCGATCTCCGTCCGGCATGGACGTC",NA,NA,NA
"Vaccinia","Vaccinia","Chappert_2022","Chappert_2022","HD9_P9_S10_P6-1_D2","B5","human","IGHV3-11","IGHJ6","GCGAGAGACCCGAGCGCTATGGACGTC",NA,NA,NA
"Vaccinia","Vaccinia","Chappert_2022","Chappert_2022","HD9_P9_S10_P6-2_D1","B5","human","IGHV4-4","IGHJ4","GCGAGAGGGAGGATCAGTGGCTGGCCCTTTTCCTTTGGATAT",NA,NA,NA
"Vaccinia","Vaccinia","Chappert_2022","Chappert_2022","HD9_P11_S9_P6-1_G12","B5","human","IGHV4-4","IGHJ4","GCGAGAGGGAGGATCAGTGGCTGGCCCTTTTCCTTTGACTAC",NA,NA,NA
"Vaccinia","Vaccinia","Chappert_2022","Chappert_2022","HD46_P9_S12_P6-1_A12","B5","human","IGHV3-30","IGHJ4","GCGAGAGGCGTTAGTGCGAGCTACTCCGGTGGATTGAAATAC",NA,NA,NA
"Vaccinia","Vaccinia","Chappert_2022","Chappert_2022","HD46_P9_S12_P6-1_D3","B5","human","IGHV3-30","IGHJ4","GCGAGAGGCGTTAGTGCGAGCTACTCCGGTGGGTTGAAATAC",NA,NA,NA
"Vaccinia","Vaccinia","Chappert_2022","Chappert_2022","HD46_P9_S12_P6-1_G12","B5","human","IGHV3-30","IGHJ4","GCGAGAGGCGTTAGTGCGAGCTTCTCCGGTGGATTGAAATAC",NA,NA,NA
"Vaccinia","Vaccinia","Chappert_2022","Chappert_2022","HD46_P9_S12_P6-2_D4","B5","human","IGHV3-30","IGHJ4","GCGAGAGGCGTTAGTGCGAGCTATTCCGGTGGACTGAAATAC",NA,NA,NA
"Vaccinia","Vaccinia","Chappert_2022","Chappert_2022","HD46_P4_S5_P6-1_C12","B5","human","IGHV3-30","IGHJ4","GCGAGAGGCGTTAGTGCGAGCTATTCCGGTGGATTGAAGTAC",NA,NA,NA
"Vaccinia","Vaccinia","Chappert_2022","Chappert_2022","HD46_P2_S5_P6-2_G4","B5","human","IGHV3-30","IGHJ4","GCGAGAGGCGTTAGTGCGAGCTACTCCGGTGGATTGAAGTAC",NA,NA,NA
"Vaccinia","Vaccinia","Chappert_2022","Chappert_2022","HD9_P9_S10_P6-1_C4","B5","human","IGHV3-21","IGHJ4","GCGAGTTTCCATTATCCAATTACAGAGGCTGGGAATGACTAC",NA,NA,NA
"Vaccinia","Vaccinia","Chappert_2022","Chappert_2022","HD9_P9_S10_P6-1_C6","B5","human","IGHV3-21","IGHJ4","GCGAGTTTCCATTATCCAATTGCAGAGGCTGGGAATGACTAC",NA,NA,NA
"Vaccinia","Vaccinia","Chappert_2022","Chappert_2022","HD9_P9_S10_P6-1_D7","B5","human","IGHV3-21","IGHJ4","GCGAGTTTCCATTATCCAATTGCAGAGGCTGGAAATGACTAC",NA,NA,NA
"Vaccinia","Vaccinia","Chappert_2022","Chappert_2022","HD9_P10_S10_P6-2_H12","B5","human","IGHV3-21","IGHJ4","GCGAGTTTCCATTATCCAATTGCGGAGGCTGGGAATGACTAC",NA,NA,NA
"Vaccinia","Vaccinia","Chappert_2022","Chappert_2022","HD72_P3_S2_P6-1_H6","B5","human","IGHV3-23","IGHJ4","GCGAAAGGTTTGGCTGGTGGTTATTATTCCGACTTTGACCAA",NA,NA,NA
"Vaccinia","Vaccinia","Chappert_2022","Chappert_2022","HD46_P9_S12_P6-1_G1","B5","human","IGHV3-23","IGHJ4","GCGAAGGAAATCGGAACCGACCAAAGCAACTACTTTGACAAC",NA,NA,NA
"Vaccinia","Vaccinia","Chappert_2022","Chappert_2022","HD46_P9_S12_P6-1_H12","B5","human","IGHV3-23","IGHJ4","GTGAAGGAAATCGGAACCGACCGAAGCAACTACTTTGACAGC",NA,NA,NA
"Vaccinia","Vaccinia","Chappert_2022","Chappert_2022","HD46_P6_S3_P6-1_F5","B5","human","IGHV3-23","IGHJ4","GTGAAGGAAATCGGAACCGACCAAAGCAACTACTTTGACAGT",NA,NA,NA
"Vaccinia","Vaccinia","Chappert_2022","Chappert_2022","HD46_P4_S5_P6-1_F6","B5","human","IGHV3-23","IGHJ4","GCGCGTGAAATCGGAACTGACCACAGCAATTACTTTGACTAC",NA,NA,NA
"Vaccinia","Vaccinia","Chappert_2022","Chappert_2022","HD46_P5_S5_P6-3_H7","B5","human","IGHV3-23","IGHJ4","GTGAAGGAAATCGGAACCGACCAGAGCAACTACTTTGACGGC",NA,NA,NA
"Vaccinia","Vaccinia","Chappert_2022","Chappert_2022","HD46_P1_S8_P6-1_G3","B5","human","IGHV3-23","IGHJ4","GCGAAAGAAATCGGCACCGACTCCAGTAACTTCTTTGACTAC",NA,NA,NA
"Vaccinia","Vaccinia","Chappert_2022","Chappert_2022","HD72_P9_S11_P6-1_G12","B5","human","IGHV4-59","IGHJ5","GCGAGAGATCGTGGTTCGGCGACTCGCGGGCGTTTCGACCCC",NA,NA,NA
"Vaccinia","Vaccinia","Chappert_2022","Chappert_2022","HD7_P3_S8_P6-1_F11","B5","human","IGHV4-59","IGHJ5","GCGAGACAAGTTTACTATGGTTTTGGGCGCTGGTTCGACCCC",NA,NA,NA
"Vaccinia","Vaccinia","Chappert_2022","Chappert_2022","HD9_P9_S10_P6-1_E10","B5","human","IGHV4-34","IGHJ5","GCGAGAGAACCGTATCGCAGCAGCTGGTATTGGTTCGACCCC",NA,NA,NA
"Vaccinia","Vaccinia","Chappert_2022","Chappert_2022","HD4_P10_S11_P6-1_B1","B5","human","IGHV4-34","IGHJ5","GCGAGAGAGCCATATAGCAGTAGTTGGACCTGGTTCGACCCC",NA,NA,NA
"Vaccinia","Vaccinia","Chappert_2022","Chappert_2022","HD4_P10_S11_P6-1_B9","B5","human","IGHV4-34","IGHJ5","GCGAGAGAGCCATATAGCAGTAGCTGGACCTGGTTCGACCCC",NA,NA,NA
"Vaccinia","Vaccinia","Chappert_2022","Chappert_2022","HD4_P10_S11_P6-2_G3","B5","human","IGHV4-34","IGHJ5","GCGAGAGAGCCATATAGTAGTAGTTGGACCTGGTTCGACCCC",NA,NA,NA
"Vaccinia","Vaccinia","Chappert_2022","Chappert_2022","HD4_P8_S9_P6-1_G2","B5","human","IGHV4-34","IGHJ5","GCGAGAGAACCATATAGCAGTAGCTGGACCTGGTTCGACCCC",NA,NA,NA
"Vaccinia","Vaccinia","Chappert_2022","Chappert_2022","HD9_P9_S10_P6-2_C12","B5","human","IGHV4-34","IGHJ5","GCGAGAGATCTATATACTGGGAGCCACTACTGGTTCGACCCC",NA,NA,NA
"Vaccinia","Vaccinia","Chappert_2022","Chappert_2022","HD4_P10_S11_P6-2_H9","B5","human","IGHV4-34","IGHJ5","GCGAGAGATCTATATACCGGGAGCCAGTACTGGTTCGACCCC",NA,NA,NA
"Vaccinia","Vaccinia","Chappert_2022","Chappert_2022","HD9_P10_S10_P6-2_E3","B5","human","IGHV5-51","IGHJ3","GCGAGACGTTTAGGATATTGCATTAGTACCACGTGTTATACGAGTGATGCTTTTGACATC",NA,NA,NA
"Vaccinia","Vaccinia","Chappert_2022","Chappert_2022","HD7_P3bis_S8_P6-1_A4(2)","B5","human","IGHV1-69","IGHJ6","GCGAGAGACTTTGATTATTACGATTTTTGGAGTGGTTATGCCGGCTACGGTATGGACGTC",NA,NA,NA
"Vaccinia","Vaccinia","Chappert_2022","Chappert_2022","HD7_P2_S1_P6-2_B3","B5","human","IGHV4-59","IGHJ3","GCGCGAGAGAGGCCTTCAATGCCGCGGTGGGATAGTAGTGGTGTCTATGTTTTTGATATC",NA,NA,NA
"Vaccinia","Vaccinia","Chappert_2022","Chappert_2022","HD7_P7_S6_P6-1_B9","B5","human","IGHV4-59","IGHJ3","GCGCGAGAGAGGCCTTCAATGCCGCGGTGCGATAGTAGTGGTGTCTATGTTTTTGATATT",NA,NA,NA
"Vaccinia","Vaccinia","Chappert_2022","Chappert_2022","HD7_P7_S6_P6-1_C8","B5","human","IGHV4-59","IGHJ3","GCGCGAGAGAGGCCTTCAATGCCGCGGTGGGATAGTAGTGGTGTCTATGTTTTTGATATT",NA,NA,NA
"Vaccinia","Vaccinia","Chappert_2022","Chappert_2022","HD9_P10_S10_P6-3_C10","B5","human","IGHV4-4","IGHJ4","GCGAGACGCGGCTGGTATTATTTTAAGTAT",NA,NA,NA
"Vaccinia","Vaccinia","Chappert_2022","Chappert_2022","HD72_P3bis_S2_P6-1_C4","B5","human","IGHV1-46","IGHJ4","GCAAGAGATCTGACTACGATGGGAACTTTT",NA,NA,NA
"Vaccinia","Vaccinia","Chappert_2022","Chappert_2022","HD9_P10_S10_P6-2_E8","B5","human","IGHV1-46","IGHJ4","GCGAGAGATGTGGGTTCTAAGCCCGACTAT",NA,NA,NA
"Vaccinia","Vaccinia","Chappert_2022","Chappert_2022","HD7_P6_S1_P6-1_D2","B5","human","IGHV3-30","IGHJ2","GCGAGAGCCCACGTCGAAGATTGTGGTACTGACTGCCAACTCTACTGGCACTTCGATCTC",NA,NA,NA
"Vaccinia","Vaccinia","Chappert_2022","Chappert_2022","HD46_P6_S3_P6-1_A5","B5","human","IGHV4-30-4","IGHJ5","GCCAGAGATCGACTGACTAACAACTGGTTCGACCCC",NA,NA,NA
"Vaccinia","Vaccinia","Chappert_2022","Chappert_2022","HD9_P9_S10_P6-1_B2","B5","human","IGHV3-11","IGHJ6","GCAAGAGGGTGGGTCTACGGTATGGACATC",NA,NA,NA
"Vaccinia","Vaccinia","Chappert_2022","Chappert_2022","HD72_P9_S11_P6-1_F11","B5","human","IGHV1-69","IGHJ2","GCGAGCGGCATTTATAGAGACCGAGATCTC",NA,NA,NA
"Vaccinia","Vaccinia","Chappert_2022","Chappert_2022","HD72_P3_S2_P6-1_E5","B5","human","IGHV1-69","IGHJ2","GCGAGCGGCATTTATAGAGACCGGGATCTC",NA,NA,NA
"Vaccinia","Vaccinia","Chappert_2022","Chappert_2022","HD46_P9_S12_P6-1_G2","B5","human","IGHV1-69","IGHJ6","GCGAGAGGGAGGACCTACGGTATGGGCGTC",NA,NA,NA
"Vaccinia","Vaccinia","Chappert_2022","Chappert_2022","HD46_P6_S3_P6-2_D10","B5","human","IGHV1-69","IGHJ6","GCGAGAGGACAGACCTACGGGATGGGCGTC",NA,NA,NA
"Vaccinia","Vaccinia","Chappert_2022","Chappert_2022","HD46_P5_S5_P6-3_A10","B5","human","IGHV1-69","IGHJ6","GCGAGAGGAAGGACCTACGGTATGGGCGTC",NA,NA,NA
"Vaccinia","Vaccinia","Chappert_2022","Chappert_2022","HD9_P9_S10_P6-1_A2","B5","human","IGHV3-11","IGHJ3","GCGAGAGGAGGGGGAGCCATTGATGCGCTTGATATC",NA,NA,NA
"Vaccinia","Vaccinia","Chappert_2022","Chappert_2022","HD9_P9_S10_P6-1_E7","B5","human","IGHV3-11","IGHJ3","GCGAGAGGAGGGGGAGCCGTTGATGCGCTTGATATC",NA,NA,NA
"Vaccinia","Vaccinia","Chappert_2022","Chappert_2022","HD9_P10_S10_P6-2_F1","B5","human","IGHV3-11","IGHJ3","GCGAGAGGAGGGGGAGCCATTGATGGTTTTGATATC",NA,NA,NA
"Vaccinia","Vaccinia","Chappert_2022","Chappert_2022","HD9_P10_S10_P6-2_F11","B5","human","IGHV3-11","IGHJ3","GCGAGAGGAGGGGGAGCCGTTGATGCTCTTGATATG",NA,NA,NA
"Vaccinia","Vaccinia","Chappert_2022","Chappert_2022","HD9_P10_S10_P6-3_C3","B5","human","IGHV3-11","IGHJ3","GCGAGAGGAGGGGGAGCCATTGATCCTTTTGATATC",NA,NA,NA
"Vaccinia","Vaccinia","Chappert_2022","Chappert_2022","HD9_P11_S9_P6-2_C10","B5","human","IGHV3-11","IGHJ3","GCGAGAGGGGGGGGAGCCATTGATGCGCTTGATATC",NA,NA,NA
"Vaccinia","Vaccinia","Chappert_2022","Chappert_2022","HD9_P11_S9_P6-2_D8","B5","human","IGHV3-11","IGHJ3","GCGAGAGGAGGGGGAGCCAGTGATGCGCTTGACATC",NA,NA,NA
"Vaccinia","Vaccinia","Chappert_2022","Chappert_2022","HD4_P8_S9_P6-1_F2","B5","human","IGHV4-34","IGHJ5","GCGAGAGCGCTCGGGGGCAGTGGCTGGTACAACTCT",NA,NA,NA
"Vaccinia","Vaccinia","Chappert_2022","Chappert_2022","HD46_P9_S12_P6-1_G4","B5","human","IGHV4-39","IGHJ5","GCGAGACTCGCGTGGGAACGACGCTGGTTCGACCCC",NA,NA,NA
"Vaccinia","Vaccinia","Chappert_2022","Chappert_2022","HD46_P4_S5_P6-1_F9","B5","human","IGHV4-39","IGHJ5","GCGAGAGTCGCGTGGGAACGACGTTGGTTCGACCCC",NA,NA,NA
"Vaccinia","Vaccinia","Chappert_2022","Chappert_2022","HD46_P2_S5_P6-2_B4","B5","human","IGHV4-39","IGHJ5","GCGAGACTCGCGTGGGAGCGACGATGGTTCGACCCC",NA,NA,NA
"Vaccinia","Vaccinia","Chappert_2022","Chappert_2022","HD46_P5_S5_P6-3_B10","B5","human","IGHV4-39","IGHJ5","GCGAGAGTCGCGTGGGAGCGACGCTGGTTCGACCCC",NA,NA,NA
"Vaccinia","Vaccinia","Chappert_2022","Chappert_2022","HD7_P2_S1_P6-2_A7","B5","human","IGHV4-34","IGHJ4","GCGAGAAGGCCGGGTGGGATTCAAATCTTTGACAAC",NA,NA,NA
"Vaccinia","Vaccinia","Chappert_2022","Chappert_2022","HD7_P9_S12_P6-1_D12","B5","human","IGHV4-34","IGHJ4","GCGAGAAGGCCGGGTGGAATTCAAATCTTTGACAAC",NA,NA,NA
"Vaccinia","Vaccinia","Chappert_2022","Chappert_2022","HD4_P8_S9_P6-2_A3","B5","human","IGHV1-69","IGHJ4","GCGAGAACCTTATCAGCCTGTGGTGGTGGTAGCTGCCCCGCTGGGTAC",NA,NA,NA
"Vaccinia","Vaccinia","Chappert_2022","Chappert_2022","HD72_P5_S7_P6-1_F3","B5","human","IGHV5-51","IGHJ5","GCGAGACTACATGCCGCCTGGAACTATGGTTTCGGCTGGTTCGACCCC",NA,NA,NA
"Vaccinia","Vaccinia","Chappert_2022","Chappert_2022","HD9_P10_S10_P6-2_F6","B5","human","IGHV3-48","IGHJ4","GCGAAAATGGATACGGCCGTGGCTGGTAATCTGCCGACGGGTGACTAC",NA,NA,NA
"Vaccinia","Vaccinia","Chappert_2022","Chappert_2022","HD9_P10_S10_P6-3_H2","B5","human","IGHV3-48","IGHJ4","GCGAAAGTGGATACGGCAGTGGCTGGTAATCTGCCGACGGGTGACTAC",NA,NA,NA
"Vaccinia","Vaccinia","Chappert_2022","Chappert_2022","HD9_P11_S9_P6-2_B9","B5","human","IGHV3-48","IGHJ4","GCGAAAATGGATACGGCAGTGGCTGGTAATCTGCCGACGGGTGACTAC",NA,NA,NA
"Vaccinia","Vaccinia","Chappert_2022","Chappert_2022","HD46_P9_S12_P6-1_G7","B5","human","IGHV1-46","IGHJ1","GTCAGAGGGGCGGCGGTGGTGACTGCTACTAGAATGACTGAATACTTCCAACAC",NA,NA,NA
"Vaccinia","Vaccinia","Chappert_2022","Chappert_2022","HD46_P9_S12_P6-2_A11","B5","human","IGHV1-46","IGHJ1","GCTAGAGGGGCGGCGGTGGTGACTGCTACTAGAATGACTGAATACTTCCAACAC",NA,NA,NA
"Vaccinia","Vaccinia","Chappert_2022","Chappert_2022","HD46_P9_S12_P6-2_D1","B5","human","IGHV1-46","IGHJ1","GTTAGAGGGGCGGCGGTGGTGACTGCTACTAGAATGACTGAATACTTCCAACAC",NA,NA,NA
"Vaccinia","Vaccinia","Chappert_2022","Chappert_2022","HD46_P6_S3_P6-2_A9","B5","human","IGHV1-46","IGHJ1","ACTAGAGGGGCGGCGGTGGTGACTGCTACTAGAATGACTGAATACTTCAACTAC",NA,NA,NA
"Vaccinia","Vaccinia","Chappert_2022","Chappert_2022","HD46_P2_S5_P6-2_B5","B5","human","IGHV1-46","IGHJ1","GCTAGAGGGGCGGCGGTGGTGACTGCTACCAGGATGACTGAATACTTCCAACAC",NA,NA,NA
"Vaccinia","Vaccinia","Chappert_2022","Chappert_2022","HD46_P2_S5_P6-2_F10","B5","human","IGHV1-46","IGHJ1","ACTAGAGGGGCGGCGGTGGTGACTGCTACTAGAATGACTGAATATTTCAAATAC",NA,NA,NA
"Vaccinia","Vaccinia","Chappert_2022","Chappert_2022","HD46_P5_S5_P6-3_F6","B5","human","IGHV1-46","IGHJ1","GTTAGAGGGGCGGCGGTGGTGACTGCTACTAGAATGACTGAATACTTCCGACAC",NA,NA,NA
"Vaccinia","Vaccinia","Chappert_2022","Chappert_2022","HD72_P4_S2_P6-2_D3","B5","human","IGHV1-3","IGHJ6","GCGAGCCTGACAGCAGCAGCTGGTGATATCGGCTACCACTACGGAATGGACGTC",NA,NA,NA
"Vaccinia","Vaccinia","Chappert_2022","Chappert_2022","HD4_P10_S11_P6-1_E5","B5","human","IGHV4-59","IGHJ5","GCGAGAGACCTCAGTAGTGGCGGACTTTTTGGCAGATTCGACCCC",NA,NA,NA
"Vaccinia","Vaccinia","Chappert_2022","Chappert_2022","HD4_P8_S9_P6-1_D1","B5","human","IGHV3-21","IGHJ4","GCGAAACCCTCCCCTCTCGGATACAGTAATCGTAACGGCCGACCCTTTGACTTC",NA,NA,NA
"Vaccinia","Vaccinia","Chappert_2022","Chappert_2022","HD9_P10_S10_P6-2_G7","B5","human","IGHV3-21","IGHJ4","GCGAGCCCCCCCACCTGGCTACCCCGAGGTGGGGTGGACGTCTTGGTTGACTAT",NA,NA,NA
"Vaccinia","Vaccinia","Chappert_2022","Chappert_2022","HD9_P11_S9_P6-1_B9","B5","human","IGHV3-21","IGHJ4","GGGAGCCCCCCCACCTGGCTACCCCGAGGTGGGGTGGACGTCTTGGTTGACTAC",NA,NA,NA
"Vaccinia","Vaccinia","Chappert_2022","Chappert_2022","HD9_P11_S9_P6-1_E11","B5","human","IGHV3-21","IGHJ4","GCGAGCCCCCCCACCTGGCTACCCCGAGGTGGGGTGGACGTCTTGGTTGACTAC",NA,NA,NA
"Vaccinia","Vaccinia","Chappert_2022","Chappert_2022","HD4_P10_S11_P6-1_E2","B5","human","IGHV4-39","IGHJ6","GCGAGGTTAAGTAGTGGTTATCAATACCAATACGGCTTGGACGTC",NA,NA,NA
"Vaccinia","Vaccinia","Chappert_2022","Chappert_2022","HD72_P4_S2_P6-2_E7","B5","human","IGHV3-33","IGHJ6","GCGAGAGAGGGTTCACGAGGCTGGCCCTCACACCCTATGGACGTC",NA,NA,NA
"Vaccinia","Vaccinia","Chappert_2022","Chappert_2022","HD4_P8_S9_P6-1_E3","B5","human","IGHV5-51","IGHJ6","GCGAGAGTCAGTGCCGCGAGATACGTCAATCAGGGTGGCAGATGGCCGGACGTC",NA,NA,NA
"Vaccinia","Vaccinia","Chappert_2022","Chappert_2022","HD4_P10_S11_P6-1_A11","B5","human","IGHV5-51","IGHJ6","ACGAGACTCAGCGCCGCGGCCTACTTCACCCGAGGTGGGAGATGGTCGGACGTC",NA,NA,NA
"Vaccinia","Vaccinia","Chappert_2022","Chappert_2022","HD4_P10_S11_P6-1_E3","B5","human","IGHV5-51","IGHJ6","GCGAGACTGAGTGCCGCGGAGTACTTCACCCAAGGTGGGAGGTGGCCGGACGTC",NA,NA,NA
"Vaccinia","Vaccinia","Chappert_2022","Chappert_2022","HD4_P10_S11_P6-2_C2","B5","human","IGHV5-51","IGHJ6","GCGAGAATGAGTGCCGCGGAGTACTTCACCCAAGGTGGGAGGTGGCCGGACGTC",NA,NA,NA
"Vaccinia","Vaccinia","Chappert_2022","Chappert_2022","HD4_P10_S11_P6-2_F12","B5","human","IGHV4-34","IGHJ2","GCGAGAGTGGCGCTGGGACCTTATTGGTACTTCGATCTC",NA,NA,NA
"Vaccinia","Vaccinia","Chappert_2022","Chappert_2022","HD7_P6_S1_P6-1_F7","B5","human","IGHV4-34","IGHJ4","GCGAGAGAGGATCACTTTGTTTCGGACACTAATTACGCCTTTGACTAC",NA,NA,NA
"Vaccinia","Vaccinia","Chappert_2022","Chappert_2022","HD7_P3_S8_P6-1_A1","B5","human","IGHV4-34","IGHJ4","GCGAGAGAGGATCACTTTGTTTCGGACACTAATTACGCCTTTAACTAC",NA,NA,NA
"Vaccinia","Vaccinia","Chappert_2022","Chappert_2022","HD7_P3_S8_P6-1_A10","B5","human","IGHV4-34","IGHJ4","CCTAGAGTCGCAGATTCGCGAGAGGGTGGTGCAGGCGGTATGAAGCTT",NA,NA,NA
"Vaccinia","Vaccinia","Chappert_2022","Chappert_2022","HD4_P10_S11_P6-1_C3","B5","human","IGHV4-34","IGHJ4","GCGAGAGGCCGGTGGAGCAGTGGCTTATACGAAGGGGATTTTGAGTAT",NA,NA,NA
"Vaccinia","Vaccinia","Chappert_2022","Chappert_2022","HD4_P8_S9_P6-1_E10","B5","human","IGHV4-34","IGHJ5","GCGCGAGAACCGATCTTGGGAAATACTGCTTTCTATTGGTTCGACCCT",NA,NA,NA
"Vaccinia","Vaccinia","Chappert_2022","Chappert_2022","HD4_P10_S11_P6-1_E7","B5","human","IGHV4-34","IGHJ4","GCGAGAGAGGAGAATATAAGTGGAACGACGGAATACTACTTTGACCTC",NA,NA,NA
"Vaccinia","Vaccinia","Chappert_2022","Chappert_2022","HD4_P10_S11_P6-1_B7","B5","human","IGHV4-34","IGHJ5","GCGGCCTCCTTGATCCCGGATAAGGGGAGTTATTACTGGTTCGACCCC",NA,NA,NA
"Vaccinia","Vaccinia","Chappert_2022","Chappert_2022","HD46_P9_S12_P6-1_D5","B5","human","IGHV4-34","IGHJ4","GCGCGAGGCGGTCAGCGATGGGCAGGTCTTCCTACTTATCTGGACACA",NA,NA,NA
"Vaccinia","Vaccinia","Chappert_2022","Chappert_2022","HD46_P9_S12_P6-1_F4","B5","human","IGHV4-34","IGHJ4","GCGAGAGGCGGTCAGCGATGGGCAGGTCTTCCTACTTATTTGGACACA",NA,NA,NA
"Vaccinia","Vaccinia","Chappert_2022","Chappert_2022","HD46_P4_S5_P6-1_A9","B5","human","IGHV4-34","IGHJ4","GCGAGAGGCGGTCAGCGATGGGCAGGTCTTCCTACTTATTTGGACGCA",NA,NA,NA
"Vaccinia","Vaccinia","Chappert_2022","Chappert_2022","HD46_P5_S5_P6-3_F5","B5","human","IGHV4-34","IGHJ4","GCGAGAGGCGGTCAGCGATGGGCAGGTCTTCCTACTTATTTAGACAAA",NA,NA,NA
"Vaccinia","Vaccinia","Chappert_2022","Chappert_2022","HD46_P1_S8_P6-1_C1","B5","human","IGHV4-34","IGHJ4","ACGAGAGGCGGTCAGCGATGGGCAGGTCTTCCTACTTATTTGGACGCA",NA,NA,NA
"Vaccinia","Vaccinia","Chappert_2022","Chappert_2022","HD46_P6_S3_P6-1_H5","B5","human","IGHV1-69","IGHJ4","GCGGGAGTCGGGCACTACAACTGGGACGGAAGTTACTCAGACTAC",NA,NA,NA
"Vaccinia","Vaccinia","Chappert_2022","Chappert_2022","HD4_P8_S9_P6-1_A11","B5","human","IGHV4-39","IGHJ5","GCGAGACATGGGCCCGGTCGTTTGTGGTGGTGGTTAGCC",NA,NA,NA
"Vaccinia","Vaccinia","Chappert_2022","Chappert_2022","HD7_P6_S1_P6-1_A11","B5","human","IGHV1-2","IGHJ5","GCGAGAGATCTCGGAGCAGATGGCTTCTGGTTCGACCCC",NA,NA,NA
"Vaccinia","Vaccinia","Chappert_2022","Chappert_2022","HD7_P6_S1_P6-1_A3","B5","human","IGHV1-2","IGHJ5","GCGAGAGATCTCGGAGCAGATGGTTTCTGGTTCGACCCC",NA,NA,NA
"Vaccinia","Vaccinia","Chappert_2022","Chappert_2022","HD72_P9_S11_P6-1_D7","B5","human","IGHV1-69","IGHJ6","GCGAGACGTGACCGAGAGTCGGCAGGGGGTTTGGACGTC",NA,NA,NA
"Vaccinia","Vaccinia","Chappert_2022","Chappert_2022","HD72_P9_S11_P6-1_F6","B5","human","IGHV1-69","IGHJ6","GCGCGACGTGACCGAGAATCGGCAGGGGGTATCGACGTC",NA,NA,NA
"Vaccinia","Vaccinia","Chappert_2022","Chappert_2022","HD72_P9_S11_P6-1_H10","B5","human","IGHV1-69","IGHJ6","GCGCGACGTGACCGAGAGTCGGCAGGGGGTATCGACGTC",NA,NA,NA
"Vaccinia","Vaccinia","Chappert_2022","Chappert_2022","HD72_P5_S7_P6-1_E6","B5","human","IGHV1-69","IGHJ6","GCGAGAAGGGGGGGAAGTTTGGGGCACGGTATGGACGTC",NA,NA,NA
"Vaccinia","Vaccinia","Chappert_2022","Chappert_2022","HD72_P3bis_S2_P6-1_D7","B5","human","IGHV1-69","IGHJ6","GCGAGACGGGGTGAGACATCTGCTTACGGTATGGACGTC",NA,NA,NA
"Vaccinia","Vaccinia","Chappert_2022","Chappert_2022","HD46_P9_S12_P6-2_B4","B5","human","IGHV1-69","IGHJ6","GCGAGACGAGGCGGCATTAGTCAGTATGGTATGGACGTC",NA,NA,NA
"Vaccinia","Vaccinia","Chappert_2022","Chappert_2022","HD46_P2_S5_P6-2_C2","B5","human","IGHV1-69","IGHJ6","GCGAGACGAGGCGGCATTAGTCAGTATGGTATGGACGTT",NA,NA,NA
"Vaccinia","Vaccinia","Chappert_2022","Chappert_2022","HD46_P2_S5_P6-2_B2","B5","human","IGHV4-61","IGHJ4","GCGAGAGATTCGGGCTTCGATTGCCGTAGTGGTGCCTGCTACCGCTACCTTGACTCC",NA,NA,NA
"Vaccinia","Vaccinia","Chappert_2022","Chappert_2022","HD7_P6_S1_P6-1_B7","B5","human","IGHV4-34","IGHJ6","CCGAGAGTCGCACTTTCGGGAGTGGTTGGTGCAGGCGGTATGGAGCTT",NA,NA,NA
"Vaccinia","Vaccinia","Chappert_2022","Chappert_2022","HD7_P6_S1_P6-1_C3","B5","human","IGHV4-34","IGHJ6","GCGAGAGTCGCAGTTTCGGGAGTGGTTGGTGCAGGCGGTATGGAGCTT",NA,NA,NA
"Vaccinia","Vaccinia","Chappert_2022","Chappert_2022","HD7_P6_S1_P6-1_C8","B5","human","IGHV4-34","IGHJ6","GCGAGAGTCGCAGTTTTTGGAGTGGTTATTATTCGCGGTTTGGACGTC",NA,NA,NA
"Vaccinia","Vaccinia","Chappert_2022","Chappert_2022","HD7_P6_S1_P6-1_H5","B5","human","IGHV4-34","IGHJ6","GCGAGAGTCGCAGTTTTGGGAGTGGTTGTTATTCGCGGTTTGGACCTT",NA,NA,NA
"Vaccinia","Vaccinia","Chappert_2022","Chappert_2022","HD7_P2_S1_P6-2_B10","B5","human","IGHV4-34","IGHJ6","GCGAGAGTCGCAGTTTCTGGAGTGGTTATTATTCGCGGTATGGACGTC",NA,NA,NA
"Vaccinia","Vaccinia","Chappert_2022","Chappert_2022","HD7_P2_S4_P6_A8","B5","human","IGHV4-34","IGHJ6","CCTAGAGTCGCAGTTTCGGGAGTGGTTGTTATTCGCGGTATGGACGTT",NA,NA,NA
"Vaccinia","Vaccinia","Chappert_2022","Chappert_2022","HD7_P3_S8_P6-1_A12","B5","human","IGHV4-34","IGHJ6","GCGAGAGTCGCAGTTTTGGGAGTGGTTATTATTCGCGGTTTGGACGTC",NA,NA,NA
"Vaccinia","Vaccinia","Chappert_2022","Chappert_2022","HD7_P3_S8_P6-1_F7","B5","human","IGHV4-34","IGHJ6","CCTAGAGTCGCAGATTCGGGAGTGGTTGTTATTCGCGGTATGGACGTT",NA,NA,NA
"Vaccinia","Vaccinia","Chappert_2022","Chappert_2022","HD7_P6_S1_P6-1_F6","B5","human","IGHV4-34","IGHJ6","GCGAGACTCTTGGTTCGGGGAGTTGTTATAATTAACGGTATGGACGTC",NA,NA,NA
"Vaccinia","Vaccinia","Chappert_2022","Chappert_2022","HD7_P6_S1_P6-1_G7","B5","human","IGHV4-34","IGHJ6","GCGAGACTCGTGGTTCGGGGAGTAGTCCGAAGCTACGGTATGGACGTC",NA,NA,NA
"Vaccinia","Vaccinia","Chappert_2022","Chappert_2022","HD7_P9_S12_P6-1_A6","B5","human","IGHV4-34","IGHJ6","GCGAGAGTCTTGGTTCGGGGAGTCGTTATAATTAACGGTTTGGACGTC",NA,NA,NA
"Vaccinia","Vaccinia","Chappert_2022","Chappert_2022","HD7_P2_S4_P6_A1","B5","human","IGHV4-34","IGHJ6","GCGAGAATCGTGGTTCGGGGAGTAGTCCGAAGCTCCGGTATGGACGTC",NA,NA,NA
"Vaccinia","Vaccinia","Chappert_2022","Chappert_2022","HD7_P6_S1_P6-1_B9","B5","human","IGHV4-34","IGHJ6","CCTAGAGTGGCGCAGTTGCGAGAGGGTGGTGCGGGCGGGTGGAAGCTT",NA,NA,NA
"Vaccinia","Vaccinia","Chappert_2022","Chappert_2022","HD7_P3_S8_P6-1_D10","B5","human","IGHV4-34","IGHJ6","CATTGCCTGGCACAGTTGCGAGAGGGTGGTGCGGGCGGGTGGAAGCTT",NA,NA,NA
"Vaccinia","Vaccinia","Chappert_2022","Chappert_2022","HD7_P3_S8_P6-1_E10","B5","human","IGHV4-34","IGHJ6","CATAGAGTGGCACAGTTGCGAGAGGGTGGTGCGGGCGGGTGGAAGCTT",NA,NA,NA
"Vaccinia","Vaccinia","Chappert_2022","Chappert_2022","HD46_P6_S3_P6-1_G5","B5","human","IGHV5-10-1","IGHJ3","GCGAGACGATATTGTAGTGGTGTTGGCTGCCCGGGTGATGATGGTGCTTTTGATATC",NA,NA,NA
"Vaccinia","Vaccinia","Chappert_2022","Chappert_2022","HD72_P9_S11_P6-1_A4","B5","human","IGHV4-34","IGHJ4","GCGAAAGAAGGCCGTTTTTATGGTTCCGGATACTACTTTGATTAT",NA,NA,NA
"Vaccinia","Vaccinia","Chappert_2022","Chappert_2022","HD72_P3_S2_P6-1_E9","B5","human","IGHV4-34","IGHJ4","GCGAGAGAATCAAAGTATAGCGGCACCTGGTACTTCTTTGACTAC",NA,NA,NA
"Vaccinia","Vaccinia","Chappert_2022","Chappert_2022","HD7_P6_S1_P6-1_B8","B5","human","IGHV4-34","IGHJ4","GCGAGAGAGTCTTCCAAGAGACACGGTGACTACTGCTTTGAATAC",NA,NA,NA
"Vaccinia","Vaccinia","Chappert_2022","Chappert_2022","HD7_P6_S1_P6-1_C2","B5","human","IGHV4-34","IGHJ4","GCGAGAGAGTCGTCCTTGAGATACGGTGACTACTGCTTTGAGTAC",NA,NA,NA
"Vaccinia","Vaccinia","Chappert_2022","Chappert_2022","HD7_P6_S1_P6-1_C6","B5","human","IGHV4-34","IGHJ4","GCGAGAGAGTCCTCCTTGAGATACGGTGACTACTGCTTTGAGTAC",NA,NA,NA
"Vaccinia","Vaccinia","Chappert_2022","Chappert_2022","HD7_P2_S4_P6_E2","B5","human","IGHV4-34","IGHJ4","GCGAGAGAGTCCTCCGTGAGATACGGTGACTACTGCTTTGAGTAC",NA,NA,NA
"Vaccinia","Vaccinia","Chappert_2022","Chappert_2022","HD4_P8_S9_P6-2_B4","B5","human","IGHV4-34","IGHJ5","CAGAGTGCCACCAAGGATTACGTCTCCTGGTACTGTTTCGACCCC",NA,NA,NA
"Vaccinia","Vaccinia","Chappert_2022","Chappert_2022","HD4_P10_S11_P6-2_E2","B5","human","IGHV4-34","IGHJ5","GCGAGAGATCAAAATGGTTCGGGCAGTTATTACTGGTTCGACCCC",NA,NA,NA
"Vaccinia","Vaccinia","Chappert_2022","Chappert_2022","HD4_P8_S9_P6-1_H4","B5","human","IGHV4-34","IGHJ5","GCGAGAGATCGAAATGGTTCGGGCAGTTATTACTGGTTCGACCCC",NA,NA,NA
"Vaccinia","Vaccinia","Chappert_2022","Chappert_2022","HD9_P10_S10_P6-3_D11","B5","human","IGHV4-34","IGHJ4","GCGCAAGAGGCAAACCACGATGTTAGTGGTTATTACTTCGCCCAG",NA,NA,NA
"Vaccinia","Vaccinia","Chappert_2022","Chappert_2022","HD4_P10_S11_P6-1_A12","B5","human","IGHV1-2","IGHJ3","GCGAGAGATGGGGGGGCCTCTTCTTTTGATGTC",NA,NA,NA
"Vaccinia","Vaccinia","Chappert_2022","Chappert_2022","HD72_P4_S2_P6-2_H5","B5","human","IGHV4-31","IGHJ3","GCGAGAGATGTGAAAATGATGTTGGCGACACTCACGGAGACGGATGCTTTTGATATC",NA,NA,NA
"Vaccinia","Vaccinia","Chappert_2022","Chappert_2022","HD4_P8_S9_P6-1_H1","B5","human","IGHV1-2","IGHJ4","GCGAGAGATGGGGGGGCCACCTCCTTTGACCAC",NA,NA,NA
"Vaccinia","Vaccinia","Chappert_2022","Chappert_2022","HD72_P9_S11_P6-1_D10","B5","human","IGHV3-74","IGHJ5","GCAAGAGACCGAAACTGGGGGTTATTCGACCCC",NA,NA,NA
"Vaccinia","Vaccinia","Chappert_2022","Chappert_2022","HD4_P10_S11_P6-2_G10","B5","human","IGHV1-46","IGHJ6","GCGAGAGATCGTCTGATGGTCCTGCCAAAATCTTTAAGGTTGCGATACTACTCTATGGACGTC",NA,NA,NA
"Vaccinia","Vaccinia","Chappert_2022","Chappert_2022","HD72_P5_S7_P6-1_B3","B5","human","IGHV5-51","IGHJ6","GCGAGACAGATGCCCGCTTATTGTCGTGGTTCCGTCTGCTTTCGGGCTGGGGTTATGGACGTC",NA,NA,NA
"Vaccinia","Vaccinia","Chappert_2022","Chappert_2022","HD46_P4_S5_P6-1_B5","B5","human","IGHV5-51","IGHJ6","GCGAGACTGTTTCCTGCGCGTTGTAGTGGTGGTAGCTGCCACTGGTCGAGGGTTATGGACGTC",NA,NA,NA
"Vaccinia","Vaccinia","Chappert_2022","Chappert_2022","HD4_P10_S11_P6-1_A2","B5","human","IGHV4-34","IGHJ4","GCGAGAGAGGGACAGTATGACTATGACAGAAGTGGTTATCATTTTGACTCC",NA,NA,NA
"Vaccinia","Vaccinia","Chappert_2022","Chappert_2022","HD72_P4bis_S2_P6-2_C3","B5","human","IGHV5-51","IGHJ4","GCGAGACTACTTCTTACCGAAGAGTGTACTAATGGTGTGTGCTTTGACTAC",NA,NA,NA
"Vaccinia","Vaccinia","Chappert_2022","Chappert_2022","HD7_P2_S4_P6_F3","B5","human","IGHV3-30","IGHJ3","GCGAAAGGCGGCGTAGACACCTCGTCGCTTTTTGGTCGTGCTTTTCATATC",NA,NA,NA
"Vaccinia","Vaccinia","Chappert_2022","Chappert_2022","HD4_P10_S11_P6-1_B2","B5","human","IGHV4-34","IGHJ3","GCGAGAGAGCCCCCCTTACATTGCGGTAATGACTGCTATGCTTTTGATGTC",NA,NA,NA
"Vaccinia","Vaccinia","Chappert_2022","Chappert_2022","HD4_P8_S9_P6-1_H8","B5","human","IGHV3-53","IGHJ5","GCGAGATACGTTCGGGATATCGCC",NA,NA,NA
"Vaccinia","Vaccinia","Chappert_2022","Chappert_2022","HD72_P9_S11_P6-1_C3","B5","human","IGHV1-69","IGHJ6","GCGCGAGGGGATAACTATCAATTGGTGAGGTGGTACTACTACATGGACGTC",NA,NA,NA
"Vaccinia","Vaccinia","Chappert_2022","Chappert_2022","HD72_P4_S2_P6-2_H8","B5","human","IGHV1-69","IGHJ6","GCGAGAGGGGATAAGTACGAACTGGTACGGTGGTACTACTACATGGACGTC",NA,NA,NA
"Vaccinia","Vaccinia","Chappert_2022","Chappert_2022","HD7_P3_S8_P6-1_E6","B5","human","IGHV4-34","IGHJ2","CATTGCCTGGCACAGTTGCGAGAGGGTGGTGCGGGCCTGTGGAAGCTTTGGGAGACCCTACCCTCACCACCGCTCCTAAGCCTCCACCAAGGGCCCATCGGTCTTCCCC",NA,NA,NA
"Vaccinia","Vaccinia","Chappert_2022","Chappert_2022","HD72_P3_S2_P6-1_E10","B5","human","IGHV3-30","IGHJ6","GCGAGATCCACGAAGGGGGCGACCGTGACTATGATAGAACTTTACTACTATTACGGTATGGACGTC",NA,NA,NA
"Vaccinia","Vaccinia","Chappert_2022","Chappert_2022","HD72_P4_S2_P6-2_B8","B5","human","IGHV3-30","IGHJ6","GCGAGATCCACGAAGGGGGCGACCCTGACTATGATAGAACTTTACTACTATTACGGTATGGACGTC",NA,NA,NA
"Vaccinia","Vaccinia","Chappert_2022","Chappert_2022","HD72_P3bis_S2_P6-1_F11","B5","human","IGHV5-51","IGHJ6","GCGAGACATCTTGCGGGTGTTTCGAGAAGCACCTCTGGTGAGGGATATTATCATTACTTGGACGTC",NA,NA,NA
"Vaccinia","Vaccinia","Chappert_2022","Chappert_2022","HD72_P5_S7_P6-1_B1","B5","human","IGHV5-51","IGHJ6","GCGAGACATCTTGCGGGTGTCTCGAGAAACAGTTATGGTGAGGAATATTATCATTACCTGGACGTC",NA,NA,NA
"Vaccinia","Vaccinia","Chappert_2022","Chappert_2022","HD72_P3_S2_P6-1_A6","B5","human","IGHV3-64D","IGHJ4","GTGAAGAGTCCAATCGGGGGTATTGCAGTGGCTGGCCCCTTAGGCTCATTGGGGTACTACTTTGACTAC",NA,NA,NA
"Vaccinia","Vaccinia","Chappert_2022","Chappert_2022","HD72_P3_S2_P6-1_B2","B5","human","IGHV3-64D","IGHJ4","GTGAAGAGTCCAATCGGGGGTATTGCAGTGGCTGGCCCCTTAGGCTCATTGGGCTACTACTTTGACAAC",NA,NA,NA
"Vaccinia","Vaccinia","Chappert_2022","Chappert_2022","HD72_P9_S11_P6-1_E1","B5","human","IGHV5-51","IGHJ6","GCGAGACATAACGCGGGGTTTTCGGCCTCGGGGGCAGTGGCTGGCCACGGACGTTATTCCTACTATTACATGGACGTC",NA,NA,NA
"Vaccinia","Vaccinia","Chappert_2022","Chappert_2022","HD72_P4_S2_P6-2_F6","B5","human","IGHV5-51","IGHJ6","GCGAGACATAACGCGGGGTTTTCGGCCTCGGGGGCAGTGGCTGGCCACGGACGTTATTCCTACTATTACATGGATGTC",NA,NA,NA
"Vaccinia","Vaccinia","Chappert_2022","Chappert_2022","HD7_S4_P6_E6","B5","human","IGHV1-2","IGHJ5","GCGAGAGATCTCGGAGCAGATGGTTTCTGGTTCGACCCC","IGKV3-20","IGKJ2","CAGCAGTATGGTAACTCACCATACACT"
"Vaccinia","Vaccinia","Chappert_2022","Chappert_2022","HD7_S1_P6-2_A10","B5","human","IGHV4-34","IGHJ4","GCGAGAGAGTCCTCCTTGAGATACGGTGACTACTGCTTTGAGTAC","IGKV1-39","IGKJ2","CAACAAAGCGACACCACCCCGTACACC"
"Vaccinia","Vaccinia","Chappert_2022","Chappert_2022","HD7_S8_P6-3_C5","B5","human","IGHV4-34","IGHJ6","GCGAGAGTCGCAGTTTTTGGAGTGGTTATTATTCGCGGTTTGGACGTC","IGKV1-17","IGKJ1","CTACAGCATAGAAGTTATCCTCGGACG"
"Vaccinia","Vaccinia","Chappert_2022","Chappert_2022","HD7_S1_P6-2_C11","B5","human","IGHV3-30","IGHJ2","GCGAGAGCCCACGTCGAAGATTGTGGTACTGACTGCCAACTCTACTGGCACTTCGATCTC","IGKV3-15","IGKJ1","CAGCAGTATCATAACTGGCCTCCGTGGACG"
"Vaccinia","Vaccinia","Chappert_2022","Chappert_2022","HD7_S8_P6-3_A6","B5","human","IGHV4-59","IGHJ3","GCGCGAGAGAGGCCTTCAATGCCGCGGTGGGATAGTAGTGGTGTCTATGTTTTTGATATC","IGKV1-39","IGKJ2","CAACAGAGTTACAGTACCCCTAAAACT"
"Vaccinia","Vaccinia","Chappert_2022","Chappert_2022","HD46_S5_P6-3_A6","B5","human","IGHV3-30","IGHJ4","GCGAGAGGCGTTAGTGCGAGCTACTCCGGTGGATTGAAATAC","IGLV1-44","IGLJ2","GCAGCGTGGGATGACAGCCTGAATGGTGTGGTA"
"Vaccinia","Vaccinia","Chappert_2022","Chappert_2022","HD46_S5_P6-3_F2","B5","human","IGHV3-23","IGHJ4","GTGAAGGAAATCGGAACCGACCGAAGCAACTACTTTGACAGC","IGKV1-5","IGKJ2","CAACAATACAGAAGTTCTTACACT"
"Vaccinia","Vaccinia","Chappert_2022","Chappert_2022","HD46_S5_P6-3_D2","B5","human","IGHV4-39","IGHJ5","GCGAGACTCGCGTGGGAACGACGCTGGTTCGACCCC","IGKV3-11","IGKJ3","CAGCAGCGTGGCGACTGGCCTCCAACT"
"Vaccinia","Vaccinia","Chappert_2022","Chappert_2022","HD46_S8_P6-1_F8","B5","human","IGHV1-69","IGHJ6","GCGAGAGGGAGGACCTACGGTATGGGCGTC","IGKV2-28","IGKJ4","ATGCAAGCTCTACAAACTCCTCCAACT"
"Vaccinia","Vaccinia","Chappert_2022","Chappert_2022","HD46_S8_P6-1_C11","B5","human","IGHV1-69","IGHJ6","GCGAGACGAGGCGGCATTAGTCAGTATGGTATGGACGTC","IGKV2-28","IGKJ1","ATGCAAGCTCTACAAAGTCTCACGTGGACG"
"Vaccinia","Vaccinia","Chappert_2022","Chappert_2022","HD72_S2_P6-1_F8","B5","human","IGHV1-69","IGHJ6","GCGAGACGTGACCGAGAGTCGGCAGGGGGTTTGGACGTC","IGKV2-28","IGKJ4","ATGCAATCTGTTCAAACTCATGCGGTCACT"
"Vaccinia","Vaccinia","Chappert_2022","Chappert_2022","HD72_S2_P6-1_D2","B5","human","IGHV4-34","IGHJ4","GCGAAAGAAGGCCGTTTTTATGGTTCCGGATACTACTTTGATTAT","IGKV1-39","IGKJ2","CAACAGAGTTACACCACCCCGTACACT"
"Vaccinia","Vaccinia","Chappert_2022","Chappert_2022","HD72_S7_P6-1_A8","B5","human","IGHV3-64D","IGHJ4","GTGAAGAGTCCAATCGGGGGTATTGCAGTGGCTGGCCCCTTAGGCTCATTGGGGTACTACTTTGACTAC","IGKV4-1","IGKJ2","CAGCAATATTACACTACTCCGTACACT"
"Vaccinia","Vaccinia","Chappert_2022","Chappert_2022","HD72_S2_P6-2_D11","B5","human","IGHV3-11","IGHJ6","GCCCGATCCCCGTCCGGGATGGACGTC","IGKV3-20","IGKJ1","CAGCAGTATGATAGCTCACCTGGGACG"
